{"_ts": 1779275122.1375132, "payload": {"EURUSD": 1.1607000878649967, "GBPUSD": 1.339600879314017, "USDJPY": 159.05, "USDCHF": 0.7889, "AUDUSD": 0.7104997655350774, "USDCAD": 1.3749}}