{"_ts": 1778833895.271295, "payload": {"EURUSD": 1.166199798014195, "GBPUSD": 1.3389999812540003, "USDJPY": 158.375, "USDCHF": 0.78425, "AUDUSD": 0.7214018280322322, "USDCAD": 1.37245}}