{"_ts": 1778833903.846831, "payload": {"open": [18.209999084472656, 18.219999313354492, 18.200000762939453, 18.1200008392334, 18.15999984741211, 18.1299991607666, 18.170000076293945, 18.229999542236328, 18.260000228881836, 17.899999618530273, 18.0, 18.059999465942383, 18.149999618530273, 18.360000610351562, 18.770000457763672, 18.770000457763672, 18.850000381469727, 18.8700008392334, 18.90999984741211, 18.809999465942383, 18.700000762939453, 18.670000076293945, 18.75, 19.049999237060547, 18.690000534057617, 18.360000610351562, 18.09000015258789, 17.920000076293945, 17.979999542236328, 17.989999771118164, 17.850000381469727, 17.950000762939453, 17.959999084472656, 17.899999618530273, 17.8799991607666, 18.18000030517578, 18.040000915527344, 18.040000915527344, 18.06999969482422, 17.979999542236328, 17.809999465942383, 17.8799991607666, 17.860000610351562, 17.829999923706055, 17.799999237060547, 17.84000015258789, 17.860000610351562, 17.899999618530273, 17.829999923706055, 17.899999618530273, 18.059999465942383, 17.899999618530273, 17.729999542236328, 17.530000686645508, 17.549999237060547, 17.31999969482422, 18.06999969482422, 18.149999618530273], "high": [18.229999542236328, 18.239999771118164, 18.200000762939453, 18.190000534057617, 18.190000534057617, 18.280000686645508, 18.3799991607666, 18.3799991607666, 18.360000610351562, 18.190000534057617, 18.190000534057617, 18.280000686645508, 18.469999313354492, 18.450000762939453, 18.780000686645508, 18.950000762939453, 18.969999313354492, 18.969999313354492, 19.010000228881836, 18.889999389648438, 18.8799991607666, 18.940000534057617, 19.100000381469727, 19.079999923706055, 18.739999771118164, 18.389999389648438, 18.139999389648438, 18.030000686645508, 17.989999771118164, 17.989999771118164, 17.959999084472656, 17.989999771118164, 17.989999771118164, 18.219999313354492, 18.399999618530273, 18.399999618530273, 18.1200008392334, 18.1200008392334, 18.100000381469727, 17.979999542236328, 17.889999389648438, 17.940000534057617, 17.860000610351562, 17.8799991607666, 17.93000030517578, 17.93000030517578, 17.920000076293945, 17.920000076293945, 18.049999237060547, 18.079999923706055, 18.059999465942383, 17.920000076293945, 17.75, 17.559999465942383, 17.549999237060547, 17.31999969482422, 18.15999984741211, 18.3799991607666], "low": [18.18000030517578, 18.1299991607666, 18.06999969482422, 18.06999969482422, 18.100000381469727, 18.100000381469727, 18.139999389648438, 18.030000686645508, 17.899999618530273, 17.899999618530273, 17.969999313354492, 18.030000686645508, 18.139999389648438, 18.34000015258789, 18.65999984741211, 18.65999984741211, 18.790000915527344, 18.790000915527344, 18.739999771118164, 18.6200008392334, 18.600000381469727, 18.600000381469727, 18.700000762939453, 18.56999969482422, 18.209999084472656, 18.030000686645508, 17.93000030517578, 17.920000076293945, 17.899999618530273, 17.829999923706055, 17.829999923706055, 17.8700008392334, 17.829999923706055, 17.81999969482422, 17.8799991607666, 17.940000534057617, 17.940000534057617, 17.950000762939453, 17.8700008392334, 17.780000686645508, 17.760000228881836, 17.860000610351562, 17.780000686645508, 17.780000686645508, 17.770000457763672, 17.790000915527344, 17.81999969482422, 17.81999969482422, 17.829999923706055, 17.850000381469727, 17.799999237060547, 17.600000381469727, 17.329999923706055, 17.200000762939453, 17.200000762939453, 17.260000228881836, 18.0, 18.149999618530273], "close": [18.200000762939453, 18.170000076293945, 18.139999389648438, 18.190000534057617, 18.149999618530273, 18.280000686645508, 18.190000534057617, 18.059999465942383, 17.940000534057617, 18.110000610351562, 18.15999984741211, 18.280000686645508, 18.360000610351562, 18.3700008392334, 18.739999771118164, 18.8799991607666, 18.950000762939453, 18.8700008392334, 18.75, 18.65999984741211, 18.84000015258789, 18.889999389648438, 18.950000762939453, 18.639999389648438, 18.209999084472656, 18.110000610351562, 17.940000534057617, 17.989999771118164, 17.93000030517578, 17.899999618530273, 17.8700008392334, 17.950000762939453, 17.8700008392334, 18.15999984741211, 18.09000015258789, 18.0, 18.100000381469727, 17.979999542236328, 17.889999389648438, 17.81999969482422, 17.8700008392334, 17.8700008392334, 17.850000381469727, 17.790000915527344, 17.8700008392334, 17.8700008392334, 17.860000610351562, 17.8799991607666, 17.940000534057617, 18.0, 17.81999969482422, 17.600000381469727, 17.399999618530273, 17.239999771118164, 17.329999923706055, 17.260000228881836, 18.149999618530273, 18.3799991607666], "volume": [0, 0, 0, 0, 0, 0, 0, 0, 0, 0, 0, 0, 0, 0, 0, 0, 0, 0, 0, 0, 0, 0, 0, 0, 0, 0, 0, 0, 0, 0, 0, 0, 0, 0, 0, 0, 0, 0, 0, 0, 0, 0, 0, 0, 0, 0, 0, 0, 0, 0, 0, 0, 0, 0, 0, 0, 0, 0], "symbol": ["VIX", "VIX", "VIX", "VIX", "VIX", "VIX", "VIX", "VIX", "VIX", "VIX", "VIX", "VIX", "VIX", "VIX", "VIX", "VIX", "VIX", "VIX", "VIX", "VIX", "VIX", "VIX", "VIX", "VIX", "VIX", "VIX", "VIX", "VIX", "VIX", "VIX", "VIX", "VIX", "VIX", "VIX", "VIX", "VIX", "VIX", "VIX", "VIX", "VIX", "VIX", "VIX", "VIX", "VIX", "VIX", "VIX", "VIX", "VIX", "VIX", "VIX", "VIX", "VIX", "VIX", "VIX", "VIX", "VIX", "VIX", "VIX"], "timestamp": ["2026-05-11 07:00:00+00:00", "2026-05-11 08:00:00+00:00", "2026-05-11 09:00:00+00:00", "2026-05-11 10:00:00+00:00", "2026-05-11 11:00:00+00:00", "2026-05-11 12:00:00+00:00", "2026-05-11 13:00:00+00:00", "2026-05-11 14:00:00+00:00", "2026-05-11 15:00:00+00:00", "2026-05-11 16:00:00+00:00", "2026-05-11 17:00:00+00:00", "2026-05-11 18:00:00+00:00", "2026-05-11 19:00:00+00:00", "2026-05-11 20:00:00+00:00", "2026-05-12 07:00:00+00:00", "2026-05-12 08:00:00+00:00", "2026-05-12 09:00:00+00:00", "2026-05-12 10:00:00+00:00", "2026-05-12 11:00:00+00:00", "2026-05-12 12:00:00+00:00", "2026-05-12 13:00:00+00:00", "2026-05-12 14:00:00+00:00", "2026-05-12 15:00:00+00:00", "2026-05-12 16:00:00+00:00", "2026-05-12 17:00:00+00:00", "2026-05-12 18:00:00+00:00", "2026-05-12 19:00:00+00:00", "2026-05-12 20:00:00+00:00", "2026-05-13 07:00:00+00:00", "2026-05-13 08:00:00+00:00", "2026-05-13 09:00:00+00:00", "2026-05-13 10:00:00+00:00", "2026-05-13 11:00:00+00:00", "2026-05-13 12:00:00+00:00", "2026-05-13 13:00:00+00:00", "2026-05-13 14:00:00+00:00", "2026-05-13 15:00:00+00:00", "2026-05-13 16:00:00+00:00", "2026-05-13 17:00:00+00:00", "2026-05-13 18:00:00+00:00", "2026-05-13 19:00:00+00:00", "2026-05-13 20:00:00+00:00", "2026-05-14 07:00:00+00:00", "2026-05-14 08:00:00+00:00", "2026-05-14 09:00:00+00:00", "2026-05-14 10:00:00+00:00", "2026-05-14 11:00:00+00:00", "2026-05-14 12:00:00+00:00", "2026-05-14 13:00:00+00:00", "2026-05-14 14:00:00+00:00", "2026-05-14 15:00:00+00:00", "2026-05-14 16:00:00+00:00", "2026-05-14 17:00:00+00:00", "2026-05-14 18:00:00+00:00", "2026-05-14 19:00:00+00:00", "2026-05-14 20:00:00+00:00", "2026-05-15 07:00:00+00:00", "2026-05-15 08:00:00+00:00"], "session_label": ["Asia", "Asia-London Overlap", "London", "London", "London", "London", "London-NY Overlap", "London-NY Overlap", "London-NY Overlap", "London-NY Overlap", "NewYork", "NewYork", "NewYork", "NewYork", "Asia", "Asia-London Overlap", "London", "London", "London", "London", "London-NY Overlap", "London-NY Overlap", "London-NY Overlap", "London-NY Overlap", "NewYork", "NewYork", "NewYork", "NewYork", "Asia", "Asia-London Overlap", "London", "London", "London", "London", "London-NY Overlap", "London-NY Overlap", "London-NY Overlap", "London-NY Overlap", "NewYork", "NewYork", "NewYork", "NewYork", "Asia", "Asia-London Overlap", "London", "London", "London", "London", "London-NY Overlap", "London-NY Overlap", "London-NY Overlap", "London-NY Overlap", "NewYork", "NewYork", "NewYork", "NewYork", "Asia", "Asia-London Overlap"]}}