{"_ts": 1778833901.4489658, "payload": {"open": [81.1500015258789, 80.86000061035156, 80.43000030517578, 81.1500015258789, 80.8550033569336, 80.81999969482422, 80.69000244140625, 80.94499969482422, 81.95500183105469, 84.45500183105469, 86.36000061035156, 85.68000030517578, 86.74500274658203, 85.95999908447266, 86.3949966430664, 86.55000305175781, 86.87000274658203, 86.73999786376953, 87.69999694824219, 87.91000366210938, 86.76000213623047, 86.73999786376953, 86.99500274658203, 86.77999877929688, 86.63500213623047, 86.21499633789062, 84.875, 85.16000366210938, 84.9749984741211, 84.68000030517578, 84.4800033569336, 84.87000274658203, 85.20500183105469, 85.18499755859375, 85.01000213623047, 84.80500030517578, 85.30000305175781, 85.72000122070312, 86.75499725341797, 87.375, 87.31999969482422, 87.46499633789062, 87.86000061035156, 87.96499633789062, 87.52999877929688, 86.97000122070312, 87.33999633789062, 87.06999969482422, 87.1500015258789, 87.31500244140625, 87.23500061035156, 87.16500091552734, 87.53500366210938, 87.3949966430664, 87.8499984741211, 87.09500122070312, 87.80000305175781, 88.58499908447266, 89.55999755859375, 89.375, 88.54000091552734, 88.25499725341797, 88.31500244140625, 88.125, 88.53500366210938, 88.4000015258789, 88.75, 87.94999694824219, 87.625, 86.95500183105469, 87.48500061035156, 87.5, 87.69999694824219, 87.55999755859375, 87.57499694824219, 87.74500274658203, 87.70999908447266, 87.23999786376953, 87.12000274658203, 84.47000122070312, 85.01000213623047, 85.44499969482422, 85.30000305175781, 85.33499908447266, 85.03500366210938, 84.05000305175781, 84.0, 84.28500366210938, 83.95999908447266, 82.97000122070312, 81.23500061035156, 81.84500122070312, 81.82499694824219, 81.37999725341797, 78.3550033569336, 78.80000305175781, 79.375], "high": [81.2300033569336, 81.21499633789062, 81.29000091552734, 81.2300033569336, 81.23500061035156, 80.95500183105469, 81.12999725341797, 81.9800033569336, 84.66000366210938, 86.68499755859375, 86.41999816894531, 86.80000305175781, 86.79499816894531, 86.3949966430664, 86.83000183105469, 86.8949966430664, 86.9749984741211, 87.79499816894531, 88.0, 87.91000366210938, 87.76499938964844, 87.18499755859375, 87.12000274658203, 87.18000030517578, 86.88500213623047, 86.21499633789062, 85.40499877929688, 85.41000366210938, 85.11000061035156, 85.1449966430664, 84.90499877929688, 85.58000183105469, 86.05000305175781, 86.12999725341797, 85.13500213623047, 85.36000061035156, 85.9800033569336, 86.86000061035156, 87.45999908447266, 87.45500183105469, 87.7249984741211, 88.0199966430664, 88.44000244140625, 88.58000183105469, 87.9800033569336, 87.70999908447266, 87.5, 87.44499969482422, 87.65499877929688, 87.66999816894531, 87.29499816894531, 87.62000274658203, 88.23500061035156, 88.38500213623047, 88.05000305175781, 88.08000183105469, 88.9800033569336, 89.56500244140625, 90.1050033569336, 89.83999633789062, 88.99500274658203, 88.62000274658203, 88.45999908447266, 88.63500213623047, 88.58999633789062, 88.81999969482422, 89.16500091552734, 88.375, 87.91000366210938, 87.91500091552734, 88.05999755859375, 87.98999786376953, 88.16500091552734, 88.16000366210938, 88.03500366210938, 87.83499908447266, 87.81999969482422, 87.62999725341797, 87.33499908447266, 85.6050033569336, 85.80500030517578, 85.54000091552734, 85.51000213623047, 85.33499908447266, 85.03500366210938, 84.20500183105469, 84.37999725341797, 84.34500122070312, 84.18000030517578, 83.01000213623047, 82.08999633789062, 82.06999969482422, 81.93499755859375, 81.38999938964844, 79.19000244140625, 79.78500366210938, 79.44000244140625], "low": [80.75, 80.2750015258789, 80.4000015258789, 80.72000122070312, 80.75499725341797, 80.56999969482422, 80.69000244140625, 80.91999816894531, 81.66999816894531, 84.30999755859375, 84.9749984741211, 85.62000274658203, 85.7300033569336, 85.75, 86.2249984741211, 86.51499938964844, 86.33999633789062, 86.73999786376953, 86.83499908447266, 86.72000122070312, 86.17500305175781, 86.2249984741211, 86.56500244140625, 86.57499694824219, 85.87999725341797, 84.45999908447266, 84.1500015258789, 84.62999725341797, 84.54499816894531, 84.25, 83.81999969482422, 84.04000091552734, 84.66999816894531, 84.90499877929688, 83.66999816894531, 84.69999694824219, 85.30000305175781, 85.53500366210938, 86.6449966430664, 87.11499786376953, 87.26499938964844, 87.31999969482422, 87.69999694824219, 87.30500030517578, 86.66000366210938, 86.78500366210938, 87.06500244140625, 86.33000183105469, 87.0199966430664, 87.02999877929688, 86.8949966430664, 86.875, 87.3550033569336, 87.33000183105469, 86.69000244140625, 87.08999633789062, 87.56999969482422, 88.5250015258789, 89.33000183105469, 88.51499938964844, 87.94000244140625, 88.22000122070312, 88.07499694824219, 88.125, 88.0999984741211, 88.02999877929688, 87.62999725341797, 87.375, 86.91000366210938, 86.80000305175781, 87.40499877929688, 87.4749984741211, 87.19999694824219, 87.51000213623047, 87.25, 87.3550033569336, 87.04000091552734, 86.66999816894531, 84.375, 84.36000061035156, 84.97000122070312, 84.81999969482422, 85.11000061035156, 84.66000366210938, 83.87000274658203, 83.625, 83.84500122070312, 83.31500244140625, 82.25, 81.01499938964844, 81.08000183105469, 81.26499938964844, 81.3499984741211, 78.0999984741211, 77.95500183105469, 78.51499938964844, 78.44000244140625], "close": [80.83499908447266, 80.3949966430664, 81.16000366210938, 80.83499908447266, 80.81999969482422, 80.71499633789062, 80.96499633789062, 81.93000030517578, 84.43499755859375, 86.37000274658203, 85.69999694824219, 86.7249984741211, 85.94000244140625, 86.3949966430664, 86.55999755859375, 86.83499908447266, 86.80500030517578, 87.66000366210938, 87.93000030517578, 86.7699966430664, 86.69999694824219, 86.96499633789062, 86.76499938964844, 86.72000122070312, 86.20999908447266, 84.91000366210938, 85.16000366210938, 84.9749984741211, 84.69999694824219, 84.44499969482422, 84.87000274658203, 85.23500061035156, 85.17500305175781, 85.0199966430664, 84.7699966430664, 85.27999877929688, 85.72000122070312, 86.73500061035156, 87.375, 87.20500183105469, 87.46499633789062, 87.8949966430664, 87.94000244140625, 87.55500030517578, 86.90499877929688, 87.2750015258789, 87.125, 87.13500213623047, 87.34500122070312, 87.2300033569336, 87.18499755859375, 87.52999877929688, 87.3949966430664, 87.86499786376953, 87.09500122070312, 87.82499694824219, 88.59500122070312, 89.55500030517578, 89.36499786376953, 88.58999633789062, 88.2249984741211, 88.31500244140625, 88.15499877929688, 88.51499938964844, 88.41500091552734, 88.74500274658203, 87.90499877929688, 87.62999725341797, 87.0250015258789, 87.5, 87.51000213623047, 87.76000213623047, 87.58499908447266, 87.58000183105469, 87.7300033569336, 87.70999908447266, 87.29000091552734, 87.125, 84.48500061035156, 85.0199966430664, 85.43499755859375, 85.28500366210938, 85.33499908447266, 85.02999877929688, 84.04499816894531, 84.01000213623047, 84.28500366210938, 83.98500061035156, 82.94999694824219, 81.21499633789062, 81.81999969482422, 81.81999969482422, 81.3949966430664, 78.3550033569336, 78.76499938964844, 79.36000061035156, 78.54000091552734], "volume": [0, 1329, 1016, 594, 668, 519, 464, 2039, 10360, 13615, 7280, 4360, 2934, 4128, 1731, 1883, 881, 0, 2269, 1172, 2967, 1551, 755, 675, 1810, 4402, 2667, 1307, 1128, 1755, 2472, 4250, 6468, 5728, 6053, 3198, 3257, 2368, 2400, 736, 0, 824, 2074, 3058, 1735, 1081, 554, 1293, 1524, 1096, 731, 955, 1381, 1725, 4510, 4940, 5359, 3840, 6618, 4361, 2594, 1069, 732, 0, 572, 2092, 3074, 1461, 2229, 1439, 1425, 873, 1350, 638, 1293, 1992, 1518, 3325, 10325, 5228, 2773, 2448, 2635, 1500, 2995, 1182, 0, 1252, 3104, 4299, 1420, 1172, 591, 7588, 3795, 3063, 1298],