{"_ts": 1778833903.886509, "payload": {"open": [82200.0, 81459.6328125, 81487.109375, 81149.6015625, 80698.109375, 80791.40625, 80804.4296875, 80812.0078125, 80710.2890625, 80736.84375, 80955.59375, 80927.28125, 81185.59375, 81050.15625, 81034.1171875, 80909.0, 81428.8125, 81555.2890625, 81931.6015625, 81864.0, 81962.9296875, 81812.203125, 81831.2109375, 81791.828125, 81716.0, 81524.953125, 81167.640625, 81233.453125, 81020.1484375, 81203.9765625, 81184.5234375, 80984.3984375, 80825.1171875, 80801.2578125, 80799.703125, 80664.0, 80755.96875, 80865.2734375, 80415.296875, 80507.203125, 80283.3671875, 79974.0, 80487.109375, 80647.8984375, 80823.8984375, 80688.1875, 80612.5078125, 80639.9921875, 80480.9375, 80697.9921875, 80999.9921875, 81012.046875, 81240.78125, 81204.0, 80999.890625, 80955.0703125, 80996.6875, 81172.5234375, 81252.5390625, 80765.7265625, 80471.703125, 80172.0703125, 79583.0390625, 79721.9609375, 78773.6796875, 79099.2109375, 79495.4609375, 79575.1484375, 79615.9921875, 79676.859375, 79371.4765625, 79396.640625, 79296.1484375, 79522.640625, 79572.2890625, 79306.5, 79014.78125, 79407.359375, 79777.328125, 79768.40625, 79703.921875, 79831.6171875, 79613.1875, 79533.546875, 79200.0078125, 79740.0, 79632.75, 80978.34375, 81330.0078125, 81860.0, 81682.7890625, 81599.0703125, 81470.453125, 81455.7578125, 81378.3515625, 81385.9765625, 81081.9609375, 81512.5078125, 81109.2890625, 81285.9765625, 81045.3203125, 80713.71875, 80352.1171875, 80575.203125, 80819.9921875], "high": [82340.359375, 81727.5234375, 81546.921875, 81171.6015625, 80853.5625, 80958.0625, 81024.46875, 80820.0, 80846.4609375, 80987.6328125, 81191.859375, 81181.4765625, 81342.1328125, 81311.9921875, 81214.03125, 81422.6875, 81894.828125, 82048.203125, 82131.171875, 82081.9765625, 82067.7421875, 81876.640625, 81955.4375, 81803.25, 81770.609375, 81603.3203125, 81318.0, 81272.7890625, 81282.0, 81288.8203125, 81282.7734375, 81106.0078125, 80938.859375, 80934.03125, 80810.7890625, 80764.296875, 80981.2890625, 80909.4375, 80869.40625, 80644.5234375, 80393.296875, 80571.046875, 80731.1796875, 80857.7890625, 80869.828125, 80718.25, 80773.7734375, 80697.5625, 80754.390625, 81144.0078125, 81244.71875, 81275.1484375, 81254.859375, 81226.0234375, 81136.9921875, 81028.390625, 81172.609375, 81285.5078125, 81264.359375, 80816.5, 80564.5625, 80321.9765625, 79861.296875, 79820.0390625, 79181.3828125, 79528.7890625, 79782.0, 79614.5390625, 79731.0078125, 79676.8984375, 79441.90625, 79452.8828125, 79656.4609375, 79661.546875, 79649.46875, 79429.0078125, 79440.0, 79958.328125, 79908.28125, 79903.46875, 79906.4765625, 79875.859375, 79721.828125, 79576.6484375, 79757.9609375, 80035.0, 80982.546875, 81335.578125, 81886.546875, 82051.71875, 81991.7734375, 81728.0, 81625.0703125, 81524.3515625, 81544.9921875, 81406.5390625, 81648.703125, 81608.296875, 81336.1328125, 81334.46875, 81082.546875, 80871.859375, 80625.96875, 80991.3515625, 80819.9921875], "low": [81257.96875, 81270.0078125, 81100.8828125, 80507.796875, 80619.84375, 80737.2265625, 80743.5078125, 80665.3515625, 80600.0, 80733.7265625, 80927.28125, 80891.828125, 81002.0625, 80731.9375, 80426.7421875, 80791.921875, 81319.9296875, 81343.3828125, 81828.7109375, 81739.453125, 81748.9921875, 81580.0, 81715.5390625, 81601.2890625, 81462.3984375, 80688.8984375, 81078.078125, 81001.203125, 80977.0703125, 81165.0234375, 80981.8203125, 80815.828125, 80730.25, 80688.0, 80601.7421875, 80471.8984375, 80597.6796875, 80373.703125, 80359.90625, 80143.65625, 79817.921875, 79920.9609375, 80414.5625, 80647.8984375, 80617.5703125, 80472.3125, 80595.59375, 80420.1015625, 80393.296875, 80658.2890625, 80922.609375, 80970.140625, 81107.5234375, 80973.3671875, 80947.0, 80861.2109375, 80908.2421875, 81094.171875, 80774.8671875, 80468.2890625, 79826.0, 79549.2421875, 79438.078125, 78765.640625, 78699.8828125, 79070.84375, 79491.859375, 79363.9921875, 79576.3125, 79324.2578125, 79184.3984375, 79199.7265625, 79287.0703125, 79383.7265625, 79195.7265625, 78908.0, 78950.453125, 79350.0, 79726.6875, 79671.0, 79595.5390625, 79537.6875, 79375.0, 79192.140625, 79194.6328125, 79665.6015625, 79534.078125, 80798.0, 81093.9765625, 81313.0390625, 81448.0390625, 81327.1875, 81151.3125, 81259.6796875, 81322.9375, 81031.078125, 81070.03125, 81097.9921875, 80728.1875, 80924.28125, 80693.9765625, 80308.0, 80302.03125, 80547.7578125, 80415.9296875], "close": [81461.5625, 81486.546875, 81155.609375, 80717.453125, 80806.4609375, 80809.9921875, 80814.09375, 80722.1875, 80753.96875, 80944.6484375, 80927.28125, 81181.4765625, 81032.828125, 81039.46875, 80910.8984375, 81422.6875, 81551.9921875, 81927.9921875, 81846.140625, 81956.0, 81812.203125, 81812.453125, 81813.03125, 81727.0625, 81528.2109375, 81183.4375, 81235.0390625, 81036.0078125, 81203.9765625, 81200.0, 80997.0390625, 80835.2734375, 80806.0, 80799.9609375, 80643.390625, 80764.296875, 80862.5390625, 80430.5234375, 80518.5703125, 80287.6015625, 79967.671875, 80493.8125, 80650.109375, 80814.0390625, 80673.03125, 80569.2421875, 80639.9921875, 80484.078125, 80698.0, 80985.8828125, 81040.6015625, 81240.4375, 81217.390625, 80998.671875, 80958.0625, 80996.0078125, 81165.09375, 81256.6015625, 80774.8671875, 80471.15625, 80172.5078125, 79613.25, 79724.671875, 78775.0, 79068.3515625, 79486.0, 79574.0, 79604.7890625, 79676.6484375, 79363.109375, 79397.84375, 79288.7890625, 79552.8984375, 79572.2890625, 79340.0, 79012.2578125, 79428.703125, 79779.34375, 79772.953125, 79706.453125, 79784.5703125, 79591.078125, 79534.4765625, 79213.1484375, 79743.921875, 79675.6875, 80954.09375, 81304.0390625, 81879.8125, 81683.8828125, 81590.3515625, 81433.96875, 81400.0, 81375.9765625, 81444.0234375, 81079.390625, 81505.2734375, 81113.96875, 81278.859375, 81053.6875, 80703.4765625, 80346.3671875, 80571.21875, 80815.9921875, 80466.078125], "volume": [916254720, 882757632, 122085376, 1744568320, 289011712, 141498368, 519299072, 555380736, 389519360, 247339008, 425041920, 125906944, 416086016, 1005092864, 965476352, 142274560, 400945152, 798400512, 447033344, 397742080, 0, 0, 0, 0, 0, 310943744, 0, 0, 0, 0, 6021120, 503185408, 78776320, 337725440, 19859456, 458514432, 654784512, 140582912, 561928192, 505669632, 79321088, 119416832, 0, 0, 12490752, 127975424, 0, 2324480, 0, 0, 0, 283498496, 9961472, 69398528, 0, 0, 215255040, 0, 89561088, 0, 902643712, 914157568, 0, 154724352, 1582884864, 0, 644149248, 0, 0, 241176576, 215451648, 169594880, 315944960, 0, 363972608, 676755456, 522534912, 756412416, 16437248, 169299968, 737525760, 0, 0, 0, 0, 0, 1760419840, 1352515584, 1477877760, 2806448128, 620748800, 647278592, 453382144, 0, 19988480, 0, 0, 298790912, 493924352, 0, 0, 346877952, 712855552, 1001046016, 382431232], "symbol": ["BTCUSD", "BTCUSD", "BTCUSD", "BTCUSD", "BTCUSD", "BTCUSD", "BTCUSD", "BTCUSD", "BTCUSD", "BTCUSD", "BTCUSD", "BTCUSD", "BTCUSD", "BTCUSD", "BTCUSD", "BTCUSD", "BTCUSD", "BTCUSD", "BTCUSD", "BTCUSD", "BTCUSD", "BTCUSD", "BTCUSD", "BTCUSD", "BTCUSD", "BTCUSD", "BTCUSD", "BTCUSD", "BTCUSD", "BTCUSD", "BTCUSD", "BTCUSD", "BTCUSD", "BTCUSD", "BTCUSD", "BTCUSD", "BTCUSD", "BTCUSD", "BTCUSD", "BTCUSD", "BTCUSD", "BTCUSD", "BTCUSD", "BTCUSD", "BTCUSD", "BTCUSD", "BTCUSD", "BTCUSD", "BTCUSD", "BTCUSD", "BTCUSD", "BTCUSD", "BTCUSD", "BTCUSD", "BTCUSD", "BTCUSD", "BTCUSD", "BTCUSD", "BTCUSD", "BTCUSD", "BTCUSD", "BTCUSD", "BTCUSD", "BTCUSD", "BTCUSD", "BTCUSD", "BTCUSD", "BTCUSD", "BTCUSD", "BTCUSD", "BTCUSD", "BTCUSD", "BTCUSD", "BTCUSD", "BTCUSD", "BTCUSD", "BTCUSD", "BTCUSD", "BTCUSD", "BTCUSD", "BTCUSD", "BTCUSD", "BTCUSD", "BTCUSD", "BTCUSD", "BTCUSD", "BTCUSD", "BTCUSD", "BTCUSD", "BTCUSD", "BTCUSD", "BTCUSD", "BTCUSD", "BTCUSD", "BTCUSD", "BTCUSD", "BTCUSD", "BTCUSD", "BTCUSD", "BTCUSD", "BTCUSD", "BTCUSD", "BTCUSD", "BTCUSD", "BTCUSD"],