{"_ts": 1778833896.475083, "payload": {"open": [98.10099792480469, 98.1449966430664, 98.14299774169922, 98.00800323486328, 97.99299621582031, 97.98600006103516, 98.0199966430664, 98.01399993896484, 98.00299835205078, 97.97000122070312, 97.88200378417969, 97.89399719238281, 97.88899993896484, 97.93900299072266, 97.91000366210938, 97.95500183105469, 97.96099853515625, 97.93499755859375, 97.9219970703125, 97.96299743652344, 97.96499633789062, 98.06199645996094, 98.11100006103516, 98.10399627685547, 98.15399932861328, 98.13800048828125, 98.09400177001953, 98.20800018310547, 98.25800323486328, 98.27100372314453, 98.2490005493164, 98.29399871826172, 98.27100372314453, 98.24400329589844, 98.39199829101562, 98.33899688720703, 98.36900329589844, 98.40299987792969, 98.36299896240234, 98.2979965209961, 98.29399871826172, 98.29499816894531, 98.2959976196289, 98.30899810791016, 98.32599639892578, 98.30799865722656, 98.29299926757812, 98.302001953125, 98.31999969482422, 98.33100128173828, 98.31700134277344, 98.4229965209961, 98.5009994506836, 98.51799774169922, 98.51399993896484, 98.48300170898438, 98.48400115966797, 98.56500244140625, 98.5009994506836, 98.51899719238281, 98.49099731445312, 98.51000213623047, 98.54499816894531, 98.52400207519531, 98.5, 98.48300170898438, 98.47000122070312, 98.46299743652344, 98.46499633789062, 98.4530029296875, 98.48600006103516, 98.49299621582031, 98.49500274658203, 98.46800231933594, 98.50800323486328, 98.44400024414062, 98.53800201416016, 98.49600219726562, 98.52799987792969, 98.52799987792969, 98.58999633789062, 98.5999984741211, 98.64399719238281, 98.73799896240234, 98.73999786376953, 98.78399658203125, 98.80899810791016, 98.81700134277344, 98.8740005493164, 98.87799835205078, 98.86799621582031, 98.92900085449219, 98.95099639892578, 99.00800323486328, 99.08200073242188, 99.03500366210938, 99.04100036621094, 99.08799743652344, 99.1989974975586, 99.16100311279297, 99.12999725341797], "high": [98.1500015258789, 98.15299987792969, 98.14299774169922, 98.0270004272461, 97.99700164794922, 98.0199966430664, 98.03900146484375, 98.03800201416016, 98.03299713134766, 97.97000122070312, 97.9229965209961, 97.91000366210938, 97.94999694824219, 97.95999908447266, 97.95600128173828, 97.97699737548828, 97.98799896240234, 97.9469985961914, 97.9219970703125, 97.9739990234375, 98.06600189208984, 98.1449966430664, 98.13400268554688, 98.16400146484375, 98.15899658203125, 98.18499755859375, 98.20999908447266, 98.28399658203125, 98.3280029296875, 98.28399658203125, 98.29299926757812, 98.33799743652344, 98.33999633789062, 98.41300201416016, 98.39900207519531, 98.45999908447266, 98.40899658203125, 98.40899658203125, 98.39600372314453, 98.30000305175781, 98.31199645996094, 98.31900024414062, 98.2959976196289, 98.3290023803711, 98.35099792480469, 98.35900115966797, 98.30999755859375, 98.33899688720703, 98.3479995727539, 98.33399963378906, 98.43499755859375, 98.50299835205078, 98.54000091552734, 98.58799743652344, 98.55500030517578, 98.49700164794922, 98.5979995727539, 98.56900024414062, 98.55400085449219, 98.5199966430664, 98.51599884033203, 98.5469970703125, 98.54900360107422, 98.52400207519531, 98.51000213623047, 98.49700164794922, 98.4729995727539, 98.46900177001953, 98.47899627685547, 98.49400329589844, 98.5009994506836, 98.51499938964844, 98.5, 98.50900268554688, 98.52300262451172, 98.5479965209961, 98.55500030517578, 98.53700256347656, 98.54900360107422, 98.59100341796875, 98.60600280761719, 98.69999694824219, 98.73799896240234, 98.78900146484375, 98.8290023803711, 98.81199645996094, 98.84300231933594, 98.88999938964844, 98.90699768066406, 98.88899993896484, 98.8759994506836, 98.9540023803711, 99.03299713134766, 99.08599853515625, 99.09700012207031, 99.05699920654297, 99.09200286865234, 99.1989974975586, 99.2020034790039, 99.18499755859375, 99.18199920654297], "low": [98.0989990234375, 98.11000061035156, 98.00599670410156, 97.96499633789062, 97.91500091552734, 97.96600341796875, 97.9739990234375, 97.95700073242188, 97.95700073242188, 97.86199951171875, 97.8499984741211, 97.85199737548828, 97.88600158691406, 97.90399932861328, 97.89600372314453, 97.94200134277344, 97.93299865722656, 97.9219970703125, 97.90499877929688, 97.95099639892578, 97.96499633789062, 98.0469970703125, 98.08799743652344, 98.0989990234375, 98.12200164794922, 98.02999877929688, 98.06199645996094, 98.19999694824219, 98.23400115966797, 98.22200012207031, 98.2239990234375, 98.23100280761719, 98.2249984741211, 98.2229995727539, 98.3280029296875, 98.33599853515625, 98.3280029296875, 98.35800170898438, 98.29299926757812, 98.23999786376953, 98.28600311279297, 98.28600311279297, 98.28900146484375, 98.30400085449219, 98.3030014038086, 98.26399993896484, 98.26599884033203, 98.29499816894531, 98.31500244140625, 98.30599975585938, 98.31400299072266, 98.38999938964844, 98.45999908447266, 98.50800323486328, 98.46099853515625, 98.44599914550781, 98.45500183105469, 98.48500061035156, 98.48400115966797, 98.44200134277344, 98.43499755859375, 98.49199676513672, 98.50499725341797, 98.4800033569336, 98.47599792480469, 98.45899963378906, 98.44999694824219, 98.45999908447266, 98.44100189208984, 98.45099639892578, 98.47100067138672, 98.4729995727539, 98.43800354003906, 98.46499633789062, 98.41600036621094, 98.44100189208984, 98.47799682617188, 98.48500061035156, 98.48400115966797, 98.5250015258789, 98.53900146484375, 98.54499816894531, 98.56400299072266, 98.7249984741211, 98.73400115966797, 98.75700378417969, 98.80899810791016, 98.80400085449219, 98.86199951171875, 98.84400177001953, 98.86599731445312, 98.9229965209961, 98.93699645996094, 98.99800109863281, 99.00199890136719, 99.02200317382812, 99.03900146484375, 99.08699798583984, 99.10600280761719, 99.03800201416016, 99.12100219726562], "close": [98.1449966430664, 98.14299774169922, 98.00800323486328, 97.99299621582031, 97.98600006103516, 98.01899719238281, 98.01499938964844, 98.00399780273438, 97.97200012207031, 97.88099670410156, 97.8949966430664, 97.88899993896484, 97.93900299072266, 97.91100311279297, 97.95500183105469, 97.96099853515625, 97.93599700927734, 97.9229965209961, 97.90499877929688, 97.96600341796875, 98.06199645996094, 98.11000061035156, 98.10199737548828, 98.15699768066406, 98.13899993896484, 98.09500122070312, 98.20899963378906, 98.25700378417969, 98.2699966430664, 98.25, 98.29199981689453, 98.2699966430664, 98.24500274658203, 98.39299774169922, 98.33799743652344, 98.36799621582031, 98.40499877929688, 98.36100006103516, 98.2979965209961, 98.29299926757812, 98.29100036621094, 98.2959976196289, 98.28900146484375, 98.32599639892578, 98.30899810791016, 98.29299926757812, 98.3010025024414, 98.31900024414062, 98.33100128173828, 98.31700134277344, 98.4229965209961, 98.5009994506836, 98.51799774169922, 98.51300048828125, 98.48200225830078, 98.48300170898438, 98.56600189208984, 98.5009994506836, 98.51799774169922, 98.49199676513672, 98.51100158691406, 98.5459976196289, 98.52400207519531, 98.4990005493164, 98.48200225830078, 98.47000122070312, 98.4530029296875, 98.46499633789062, 98.4520034790039, 98.48500061035156, 98.49400329589844, 98.49299621582031, 98.46900177001953, 98.50900268554688, 98.44499969482422, 98.53900146484375, 98.49400329589844, 98.5270004272461, 98.52799987792969, 98.58899688720703, 98.5999984741211, 98.64399719238281, 98.73799896240234, 98.73999786376953, 98.78399658203125, 98.80899810791016, 98.81900024414062, 98.87300109863281, 98.87699890136719, 98.86799621582031, 98.87000274658203, 98.95099639892578, 99.00700378417969, 99.08200073242188, 99.03500366210938, 99.04199981689453, 99.08799743652344, 99.1989974975586, 99.16200256347656, 99.13099670410156, 99.16699981689453], "volume": [0, 0, 0, 0, 0, 0, 0, 0, 0, 0, 0, 0, 0, 0, 0, 0, 0, 0, 0, 0, 0, 0, 0, 0, 0, 0, 0, 0, 0, 0, 0, 0, 0, 0, 0, 0, 0, 0, 0, 0, 0, 0, 0, 0, 0, 0, 0, 0, 0, 0, 0, 0, 0, 0, 0, 0, 0, 0, 0, 0, 0, 0, 0, 0, 0, 0, 0, 0, 0, 0, 0, 0, 0, 0, 0, 0, 0, 0, 0, 0, 0, 0, 0, 0, 0, 0, 0, 0, 0, 0, 0, 0, 0, 0, 0, 0, 0, 0, 0, 0, 0],