{"_ts": 1778833903.8573802, "payload": {"open": [28767.134765625, 28997.837890625, 29067.21484375, 29129.724609375, 29195.240234375, 29174.029296875, 29144.01171875, 29180.734375, 29172.130859375, 29317.345703125, 29357.060546875, 29329.1484375, 29364.19140625, 29269.595703125, 29053.416015625, 28977.279296875, 28782.375, 28729.693359375, 28782.3671875, 28882.8984375, 28939.228515625, 29153.47265625, 29130.923828125, 29205.275390625, 29329.865234375, 29380.025390625, 29438.2578125, 29413.142578125, 29379.234375, 29522.431640625, 29649.09375, 29621.15234375, 29534.3828125, 29572.546875, 29592.3203125], "high": [29047.619140625, 29069.173828125, 29131.55078125, 29204.033203125, 29204.75, 29193.650390625, 29230.375, 29327.65234375, 29319.880859375, 29371.166015625, 29369.859375, 29368.40625, 29364.19140625, 29320.021484375, 29185.748046875, 29015.521484375, 28834.384765625, 28822.2890625, 28897.369140625, 28953.048828125, 29082.046875, 29164.71875, 29246.984375, 29337.8046875, 29389.033203125, 29452.255859375, 29443.0234375, 29429.365234375, 29571.748046875, 29668.0859375, 29678.892578125, 29644.224609375, 29647.060546875, 29629.56640625, 29630.05859375], "low": [28758.494140625, 28958.927734375, 29043.431640625, 29079.4140625, 29139.802734375, 29122.94140625, 29143.580078125, 29170.576171875, 29143.62109375, 29298.9921875, 29268.837890625, 29324.939453125, 29259.5625, 29258.111328125, 28976.1796875, 28747.703125, 28708.861328125, 28628.640625, 28769.17578125, 28839.3125, 28939.228515625, 28972.935546875, 29120.64453125, 29184.40234375, 29311.140625, 29332.05078125, 29357.99609375, 29339.666015625, 29353.498046875, 29507.232421875, 29613.724609375, 29495.744140625, 29534.3828125, 29554.298828125, 29575.146484375], "close": [28990.22265625, 29065.583984375, 29128.044921875, 29195.5, 29174.052734375, 29146.501953125, 29227.798828125, 29170.576171875, 29317.259765625, 29357.19921875, 29330.326171875, 29363.841796875, 29266.869140625, 29318.7734375, 28978.166015625, 28767.064453125, 28727.9609375, 28782.08203125, 28883.701171875, 28938.1015625, 29065.384765625, 29129.39453125, 29208.05859375, 29332.091796875, 29378.87109375, 29438.853515625, 29413.353515625, 29367.99609375, 29515.0, 29655.943359375, 29623.291015625, 29540.41015625, 29571.86328125, 29592.09765625, 29580.576171875], "volume": [0, 154626837, 124041857, 166127256, 111432182, 124203997, 119664552, 0, 175626856, 130776286, 112824935, 102098063, 124930188, 118067000, 0, 191660322, 129009832, 130671490, 105151128, 114955426, 110430529, 0, 165318797, 121268031, 101963739, 102357922, 118604733, 103639127, 0, 156575113, 116513343, 104108815, 100554845, 97717880, 94475259], "symbol": ["NDX", "NDX", "NDX", "NDX", "NDX", "NDX", "NDX", "NDX", "NDX", "NDX", "NDX", "NDX", "NDX", "NDX", "NDX", "NDX", "NDX", "NDX", "NDX", "NDX", "NDX", "NDX", "NDX", "NDX", "NDX", "NDX", "NDX", "NDX", "NDX", "NDX", "NDX", "NDX", "NDX", "NDX", "NDX"], "timestamp": ["2026-05-08 13:30:00+00:00", "2026-05-08 14:30:00+00:00", "2026-05-08 15:30:00+00:00", "2026-05-08 16:30:00+00:00", "2026-05-08 17:30:00+00:00", "2026-05-08 18:30:00+00:00", "2026-05-08 19:30:00+00:00", "2026-05-11 13:30:00+00:00", "2026-05-11 14:30:00+00:00", "2026-05-11 15:30:00+00:00", "2026-05-11 16:30:00+00:00", "2026-05-11 17:30:00+00:00", "2026-05-11 18:30:00+00:00", "2026-05-11 19:30:00+00:00", "2026-05-12 13:30:00+00:00", "2026-05-12 14:30:00+00:00", "2026-05-12 15:30:00+00:00", "2026-05-12 16:30:00+00:00", "2026-05-12 17:30:00+00:00", "2026-05-12 18:30:00+00:00", "2026-05-12 19:30:00+00:00", "2026-05-13 13:30:00+00:00", "2026-05-13 14:30:00+00:00", "2026-05-13 15:30:00+00:00", "2026-05-13 16:30:00+00:00", "2026-05-13 17:30:00+00:00", "2026-05-13 18:30:00+00:00", "2026-05-13 19:30:00+00:00", "2026-05-14 13:30:00+00:00", "2026-05-14 14:30:00+00:00", "2026-05-14 15:30:00+00:00", "2026-05-14 16:30:00+00:00", "2026-05-14 17:30:00+00:00", "2026-05-14 18:30:00+00:00", "2026-05-14 19:30:00+00:00"], "session_label": ["London-NY Overlap", "London-NY Overlap", "London-NY Overlap", "London-NY Overlap", "NewYork", "NewYork", "NewYork", "London-NY Overlap", "London-NY Overlap", "London-NY Overlap", "London-NY Overlap", "NewYork", "NewYork", "NewYork", "London-NY Overlap", "London-NY Overlap", "London-NY Overlap", "London-NY Overlap", "NewYork", "NewYork", "NewYork", "London-NY Overlap", "London-NY Overlap", "London-NY Overlap", "London-NY Overlap", "NewYork", "NewYork", "NewYork", "London-NY Overlap", "London-NY Overlap", "London-NY Overlap", "London-NY Overlap", "NewYork", "NewYork", "NewYork"]}}