{"_ts": 1778833898.830587, "payload": {"open": [156.88999938964844, 156.86300659179688, 156.92999267578125, 157.08900451660156, 157.13699340820312, 157.15699768066406, 157.12399291992188, 157.1269989013672, 156.99099731445312, 157.11599731445312, 157.08399963378906, 157.13600158691406, 157.13400268554688, 157.11399841308594, 157.10899353027344, 157.02200317382812, 156.99200439453125, 157.04299926757812, 157.15199279785156, 157.10400390625, 157.1999969482422, 157.24200439453125, 157.177001953125, 157.12399291992188, 157.17799377441406, 157.2310028076172, 157.4149932861328, 157.5279998779297, 157.58200073242188, 157.60499572753906, 157.5850067138672, 157.30599975585938, 157.50799560546875, 157.50599670410156, 157.61199951171875, 157.55299377441406, 157.5489959716797, 157.57200622558594, 157.55099487304688, 157.64300537109375, 157.62399291992188, 157.7050018310547, 157.7449951171875, 157.68699645996094, 157.5850067138672, 157.63699340820312, 157.5989990234375, 157.5449981689453, 157.58700561523438, 157.66400146484375, 157.70700073242188, 157.64599609375, 157.64999389648438, 157.6750030517578, 157.71200561523438, 157.68800354003906, 157.76300048828125, 157.8260040283203, 157.80099487304688, 157.82699584960938, 157.80599975585938, 157.76699829101562, 157.8470001220703, 157.76800537109375, 157.86300659179688, 157.83299255371094, 157.8489990234375, 157.91600036621094, 157.88800048828125, 157.86500549316406, 157.8459930419922, 157.802001953125, 157.7969970703125, 157.8459930419922, 157.84800720214844, 157.9080047607422, 157.91600036621094, 157.93899536132812, 157.86099243164062, 157.90199279785156, 157.84100341796875, 157.90699768066406, 157.8939971923828, 157.8800048828125, 157.92599487304688, 157.9409942626953, 157.94200134277344, 157.9080047607422, 158.156005859375, 158.0800018310547, 158.16299438476562, 158.18800354003906, 158.1820068359375, 158.35299682617188, 158.3350067138672, 158.3159942626953, 158.36199951171875, 158.3719940185547, 158.47000122070312, 158.52200317382812, 158.5189971923828, 158.48300170898438, 158.50999450683594, 158.6060028076172, 158.4320068359375, 158.44500732421875], "high": [156.89700317382812, 157.06300354003906, 157.0970001220703, 157.1510009765625, 157.1750030517578, 157.16099548339844, 157.1479949951172, 157.1479949951172, 157.13600158691406, 157.14599609375, 157.14700317382812, 157.16099548339844, 157.1479949951172, 157.13900756835938, 157.12600708007812, 157.09500122070312, 157.07200622558594, 157.1649932861328, 157.21200561523438, 157.20899963378906, 157.26600646972656, 157.2740020751953, 157.177001953125, 157.2010040283203, 157.2469940185547, 157.43299865722656, 157.58599853515625, 157.65199279785156, 157.63999938964844, 157.63999938964844, 157.74899291992188, 157.5260009765625, 157.5679931640625, 157.65699768066406, 157.6649932861328, 157.61500549316406, 157.6060028076172, 157.6439971923828, 157.66900634765625, 157.7010040283203, 157.7519989013672, 157.76400756835938, 157.7550048828125, 157.72300720214844, 157.63800048828125, 157.66000366210938, 157.6269989013672, 157.6199951171875, 157.6790008544922, 157.77000427246094, 157.78199768066406, 157.72900390625, 157.68499755859375, 157.7519989013672, 157.73599243164062, 157.78799438476562, 157.843994140625, 157.84300231933594, 157.89599609375, 157.85499572753906, 157.83700561523438, 157.8979949951172, 157.86500549316406, 157.89599609375, 157.87600708007812, 157.86199951171875, 157.9250030517578, 157.9239959716797, 157.9010009765625, 157.9040069580078, 157.8679962158203, 157.8419952392578, 157.86099243164062, 157.8730010986328, 157.9199981689453, 157.9499969482422, 157.99200439453125, 157.9739990234375, 157.94700622558594, 157.91700744628906, 157.9340057373047, 157.94700622558594, 157.93099975585938, 157.94000244140625, 157.97500610351562, 157.9929962158203, 158.16700744628906, 158.156005859375, 158.19200134277344, 158.2010040283203, 158.19900512695312, 158.2030029296875, 158.3820037841797, 158.41900634765625, 158.36399841308594, 158.3939971923828, 158.44000244140625, 158.51400756835938, 158.56300354003906, 158.58799743652344, 158.5330047607422, 158.5240020751953, 158.64599609375, 158.6739959716797, 158.48300170898438, 158.4980010986328], "low": [156.82400512695312, 156.8249969482422, 156.91600036621094, 157.0449981689453, 157.08599853515625, 157.08200073242188, 157.06199645996094, 156.98300170898438, 156.98300170898438, 156.94000244140625, 157.06199645996094, 157.0760040283203, 157.06199645996094, 157.05099487304688, 156.98500061035156, 156.9720001220703, 156.9759979248047, 157.0260009765625, 157.09800720214844, 157.08799743652344, 157.19400024414062, 157.13400268554688, 157.07000732421875, 157.09100341796875, 157.1699981689453, 157.22900390625, 157.36500549316406, 157.52099609375, 157.5399932861328, 157.54200744628906, 156.70700073242188, 157.03799438476562, 157.38499450683594, 157.48199462890625, 157.5330047607422, 157.48500061035156, 157.4929962158203, 157.50999450683594, 157.4759979248047, 157.5679931640625, 157.60499572753906, 157.66799926757812, 157.66799926757812, 157.5760040283203, 157.51300048828125, 157.5570068359375, 157.52200317382812, 157.54200744628906, 157.5540008544922, 157.625, 157.55599975585938, 157.5919952392578, 157.6179962158203, 157.66200256347656, 157.67799377441406, 157.6790008544922, 157.66900634765625, 157.74000549316406, 157.7779998779297, 157.7760009765625, 157.73699951171875, 157.7449951171875, 157.75100708007812, 157.75100708007812, 157.76800537109375, 157.73599243164062, 157.8249969482422, 157.8459930419922, 157.82699584960938, 157.84100341796875, 157.6540069580078, 157.74400329589844, 157.7469940185547, 157.77499389648438, 157.8159942626953, 157.85400390625, 157.88800048828125, 157.4739990234375, 157.83200073242188, 157.7760009765625, 157.78700256347656, 157.8209991455078, 157.85299682617188, 157.84300231933594, 157.87899780273438, 157.8719940185547, 157.26600646972656, 157.81199645996094, 158.04600524902344, 158.0489959716797, 158.10299682617188, 158.13699340820312, 158.13699340820312, 158.31300354003906, 158.25, 158.2949981689453, 158.31300354003906, 158.31500244140625, 158.41700744628906, 158.43299865722656, 158.46800231933594, 158.468994140625, 158.50999450683594, 158.42100524902344, 158.343994140625, 158.41700744628906],