{"_ts": 1778833901.4383428, "payload": {"open": [99.94999694824219, 100.29000091552734, 99.7699966430664, 99.01000213623047, 98.27999877929688, 97.62000274658203, 98.08000183105469, 98.02999877929688, 98.31999969482422, 98.08000183105469, 96.63999938964844, 97.66999816894531, 97.87999725341797, 99.26000213623047, 98.36000061035156, 98.12000274658203, 98.30999755859375, 98.38999938964844, 98.23999786376953, 98.12000274658203, 98.70999908447266, 99.05000305175781, 99.0, 99.13999938964844, 99.04000091552734, 99.22000122070312, 100.54000091552734, 100.66000366210938, 100.91999816894531, 101.08000183105469, 101.66000366210938, 101.27999877929688, 100.76000213623047, 101.7699966430664, 101.94000244140625, 101.4800033569336, 101.62999725341797, 101.69000244140625, 102.55000305175781, 102.37000274658203, 102.16000366210938, 101.93000030517578, 102.05999755859375, 101.47000122070312, 101.5999984741211, 101.05999755859375, 101.05000305175781, 100.73999786376953, 100.66000366210938, 100.9800033569336, 101.2300033569336, 101.55999755859375, 101.33000183105469, 102.30999755859375, 101.86000061035156, 102.33000183105469, 102.87000274658203, 103.13999938964844, 102.2300033569336, 102.08000183105469, 101.31999969482422, 101.02999877929688, 101.37000274658203, 101.0199966430664, 100.83999633789062, 101.05000305175781, 101.13999938964844, 101.05000305175781, 101.45999908447266, 101.37999725341797, 101.4800033569336, 101.44999694824219, 101.06999969482422, 101.94999694824219, 101.30999755859375, 101.08000183105469, 101.11000061035156, 100.27999877929688, 100.37999725341797, 100.91000366210938, 100.58999633789062, 100.9800033569336, 101.06999969482422, 101.7300033569336, 101.43000030517578, 102.01000213623047, 102.05999755859375, 101.93000030517578, 101.94000244140625, 101.80000305175781, 102.43000030517578, 102.66999816894531, 102.38999938964844, 102.41999816894531, 103.33999633789062, 103.22000122070312, 99.20999908447266], "high": [100.37000274658203, 100.33999633789062, 100.12999725341797, 99.31999969482422, 98.44000244140625, 98.11000061035156, 98.11000061035156, 98.58000183105469, 98.69999694824219, 98.12000274658203, 97.95999908447266, 98.30000305175781, 99.83999633789062, 99.26000213623047, 98.9000015258789, 98.5, 98.9800033569336, 98.44999694824219, 98.27999877929688, 98.79000091552734, 99.13999938964844, 99.27999877929688, 99.20999908447266, 99.16999816894531, 99.5199966430664, 100.70999908447266, 100.70999908447266, 101.47000122070312, 101.76000213623047, 101.97000122070312, 102.05000305175781, 101.76000213623047, 102.12999725341797, 102.18000030517578, 102.23999786376953, 101.97000122070312, 101.72000122070312, 102.72000122070312, 102.55999755859375, 102.47000122070312, 102.2699966430664, 102.12999725341797, 102.08000183105469, 101.62999725341797, 101.75, 101.19999694824219, 101.05000305175781, 100.9000015258789, 101.12000274658203, 101.3499984741211, 101.80999755859375, 101.9800033569336, 102.38999938964844, 102.36000061035156, 102.75, 102.88999938964844, 103.66999816894531, 103.23999786376953, 102.37000274658203, 102.18000030517578, 101.4000015258789, 101.41000366210938, 101.58000183105469, 101.26000213623047, 101.06999969482422, 101.29000091552734, 101.41000366210938, 101.5199966430664, 101.73999786376953, 101.58000183105469, 101.81999969482422, 101.45999908447266, 102.0999984741211, 102.3499984741211, 102.0999984741211, 101.72000122070312, 101.30999755859375, 100.94000244140625, 101.0999984741211, 101.76000213623047, 101.08000183105469, 101.18000030517578, 102.06999969482422, 102.0, 102.01000213623047, 102.18000030517578, 102.06999969482422, 102.02999877929688, 102.0199966430664, 102.9000015258789, 102.91999816894531, 102.69000244140625, 102.58999633789062, 103.79000091552734, 103.5999984741211, 103.47000122070312, 100.26000213623047], "low": [99.94000244140625, 99.62000274658203, 98.9000015258789, 98.23999786376953, 96.91999816894531, 97.37000274658203, 97.27999877929688, 97.70999908447266, 96.58999633789062, 96.12999725341797, 96.55999755859375, 97.19000244140625, 97.8499984741211, 98.11000061035156, 97.81999969482422, 97.83999633789062, 98.16999816894531, 98.0199966430664, 98.0, 98.0999984741211, 98.36000061035156, 98.93000030517578, 98.83000183105469, 98.66999816894531, 98.81999969482422, 99.19000244140625, 100.25, 100.5999984741211, 100.86000061035156, 100.81999969482422, 101.1500015258789, 100.5999984741211, 100.66999816894531, 101.37999725341797, 101.16000366210938, 101.22000122070312, 101.2300033569336, 101.52999877929688, 102.20999908447266, 101.91000366210938, 101.69999694824219, 101.91999816894531, 100.93000030517578, 101.26000213623047, 100.7699966430664, 100.83999633789062, 100.58000183105469, 100.55999755859375, 100.56999969482422, 100.6500015258789, 101.05000305175781, 101.19000244140625, 101.31999969482422, 101.66999816894531, 101.76000213623047, 102.02999877929688, 102.69000244140625, 102.0199966430664, 100.8499984741211, 101.22000122070312, 100.69000244140625, 100.94999694824219, 100.69999694824219, 100.72000122070312, 100.80000305175781, 100.88999938964844, 100.7300033569336, 100.93000030517578, 101.16000366210938, 101.36000061035156, 101.36000061035156, 99.5999984741211, 100.91999816894531, 101.0, 100.80999755859375, 100.11000061035156, 100.04000091552734, 99.38999938964844, 100.16999816894531, 100.33000183105469, 100.38999938964844, 100.25, 100.91000366210938, 101.06999969482422, 101.3499984741211, 101.81999969482422, 101.4800033569336, 101.69999694824219, 101.58000183105469, 101.68000030517578, 102.02999877929688, 102.3499984741211, 102.37000274658203, 102.41999816894531, 103.06999969482422, 98.55000305175781, 99.05999755859375], "close": [100.30000305175781, 99.7699966430664, 99.02999877929688, 98.30000305175781, 97.58999633789062, 98.08999633789062, 98.0199966430664, 98.31999969482422, 98.08000183105469, 96.62000274658203, 97.69000244140625, 97.87000274658203, 99.26000213623047, 98.33999633789062, 98.12999725341797, 98.33000183105469, 98.25, 98.23999786376953, 98.11000061035156, 98.7300033569336, 99.04000091552734, 98.97000122070312, 99.18000030517578, 99.0199966430664, 99.19999694824219, 100.5199966430664, 100.66999816894531, 100.9000015258789, 101.08999633789062, 101.66999816894531, 101.2699966430664, 100.7699966430664, 101.7699966430664, 101.94000244140625, 101.5, 101.63999938964844, 101.69000244140625, 102.54000091552734, 102.37999725341797, 102.05000305175781, 101.93000030517578, 102.06999969482422, 101.45999908447266, 101.58000183105469, 101.06999969482422, 101.08000183105469, 100.75, 100.66999816894531, 100.9800033569336, 101.2300033569336, 101.56999969482422, 101.30000305175781, 102.30000305175781, 101.8499984741211, 102.33000183105469, 102.87000274658203, 103.13999938964844, 102.22000122070312, 102.0999984741211, 101.33000183105469, 101.01000213623047, 101.36000061035156, 101.0, 100.87000274658203, 101.0199966430664, 101.1500015258789, 101.08000183105469, 101.48999786376953, 101.3499984741211, 101.45999908447266, 101.45999908447266, 101.05999755859375, 101.94000244140625, 101.33999633789062, 101.06999969482422, 101.06999969482422, 100.2699966430664, 100.36000061035156, 100.88999938964844, 100.58999633789062, 100.97000122070312, 101.05999755859375, 101.73999786376953, 101.43000030517578, 102.0, 102.0199966430664, 101.95999908447266, 101.93000030517578, 101.83999633789062, 102.37999725341797, 102.62999725341797, 102.37000274658203, 102.37999725341797, 103.33999633789062, 103.19999694824219, 99.20999908447266, 100.04000091552734],