{"_ts": 1778833901.492239, "payload": {"open": [7362.97021484375, 7389.7900390625, 7391.27978515625, 7397.66015625, 7399.68994140625, 7399.5, 7389.0498046875, 7385.31005859375, 7405.81005859375, 7422.4501953125, 7425.330078125, 7419.509765625, 7425.14990234375, 7406.60986328125, 7390.6298828125, 7369.43994140625, 7343.5, 7348.16015625, 7364.169921875, 7382.93994140625, 7391.740234375, 7409.1201171875, 7404.169921875, 7414.31982421875, 7438.6298828125, 7448.0, 7456.31005859375, 7456.31005859375, 7454.39990234375, 7481.240234375, 7507.10009765625, 7501.52001953125, 7490.580078125, 7496.77978515625, 7501.85986328125], "high": [7397.56005859375, 7397.3701171875, 7400.08984375, 7400.97998046875, 7401.5, 7401.35986328125, 7398.89013671875, 7417.77978515625, 7422.91015625, 7426.22998046875, 7426.27001953125, 7428.97021484375, 7425.169921875, 7412.9501953125, 7394.3701171875, 7371.97021484375, 7358.06005859375, 7369.81005859375, 7385.18017578125, 7394.8701171875, 7409.56982421875, 7409.169921875, 7415.52978515625, 7440.56982421875, 7450.93994140625, 7460.0400390625, 7458.22021484375, 7457.10986328125, 7486.259765625, 7509.77978515625, 7517.1201171875, 7505.31982421875, 7504.35986328125, 7508.06982421875, 7507.9501953125], "low": [7362.97021484375, 7382.72021484375, 7386.009765625, 7390.2099609375, 7392.93017578125, 7384.10009765625, 7388.22998046875, 7384.2001953125, 7397.64013671875, 7418.68017578125, 7410.330078125, 7419.330078125, 7403.3798828125, 7402.75, 7366.6201171875, 7338.5400390625, 7341.64990234375, 7338.7099609375, 7362.330078125, 7378.31005859375, 7391.740234375, 7375.1298828125, 7398.6201171875, 7410.31005859375, 7435.77001953125, 7442.02978515625, 7446.830078125, 7443.68017578125, 7454.39990234375, 7479.43994140625, 7500.2998046875, 7484.35986328125, 7488.009765625, 7495.10986328125, 7499.0498046875], "close": [7389.68994140625, 7391.22998046875, 7397.56005859375, 7399.56982421875, 7399.5, 7389.0, 7397.43017578125, 7405.77978515625, 7422.6201171875, 7425.2998046875, 7419.56005859375, 7425.1201171875, 7406.64990234375, 7412.9501953125, 7369.330078125, 7343.490234375, 7348.169921875, 7364.10986328125, 7382.9599609375, 7391.85986328125, 7401.6298828125, 7404.39013671875, 7414.35986328125, 7438.64990234375, 7448.080078125, 7456.33984375, 7456.22021484375, 7444.8798828125, 7481.0, 7507.259765625, 7501.85009765625, 7490.56005859375, 7496.81982421875, 7501.740234375, 7502.0400390625], "volume": [0, 356062075, 292745187, 321292000, 277762000, 327623000, 490466000, 0, 400677287, 302200000, 294427000, 269732000, 348399000, 451755000, 0, 403576387, 290876000, 300351000, 269760000, 312389000, 440302000, 0, 386189238, 306426000, 280731000, 285688000, 345252000, 445484000, 0, 364444400, 296150000, 259923000, 259703000, 278736000, 401818000], "symbol": ["SPX", "SPX", "SPX", "SPX", "SPX", "SPX", "SPX", "SPX", "SPX", "SPX", "SPX", "SPX", "SPX", "SPX", "SPX", "SPX", "SPX", "SPX", "SPX", "SPX", "SPX", "SPX", "SPX", "SPX", "SPX", "SPX", "SPX", "SPX", "SPX", "SPX", "SPX", "SPX", "SPX", "SPX", "SPX"], "timestamp": ["2026-05-08 13:30:00+00:00", "2026-05-08 14:30:00+00:00", "2026-05-08 15:30:00+00:00", "2026-05-08 16:30:00+00:00", "2026-05-08 17:30:00+00:00", "2026-05-08 18:30:00+00:00", "2026-05-08 19:30:00+00:00", "2026-05-11 13:30:00+00:00", "2026-05-11 14:30:00+00:00", "2026-05-11 15:30:00+00:00", "2026-05-11 16:30:00+00:00", "2026-05-11 17:30:00+00:00", "2026-05-11 18:30:00+00:00", "2026-05-11 19:30:00+00:00", "2026-05-12 13:30:00+00:00", "2026-05-12 14:30:00+00:00", "2026-05-12 15:30:00+00:00", "2026-05-12 16:30:00+00:00", "2026-05-12 17:30:00+00:00", "2026-05-12 18:30:00+00:00", "2026-05-12 19:30:00+00:00", "2026-05-13 13:30:00+00:00", "2026-05-13 14:30:00+00:00", "2026-05-13 15:30:00+00:00", "2026-05-13 16:30:00+00:00", "2026-05-13 17:30:00+00:00", "2026-05-13 18:30:00+00:00", "2026-05-13 19:30:00+00:00", "2026-05-14 13:30:00+00:00", "2026-05-14 14:30:00+00:00", "2026-05-14 15:30:00+00:00", "2026-05-14 16:30:00+00:00", "2026-05-14 17:30:00+00:00", "2026-05-14 18:30:00+00:00", "2026-05-14 19:30:00+00:00"], "session_label": ["London-NY Overlap", "London-NY Overlap", "London-NY Overlap", "London-NY Overlap", "NewYork", "NewYork", "NewYork", "London-NY Overlap", "London-NY Overlap", "London-NY Overlap", "London-NY Overlap", "NewYork", "NewYork", "NewYork", "London-NY Overlap", "London-NY Overlap", "London-NY Overlap", "London-NY Overlap", "NewYork", "NewYork", "NewYork", "London-NY Overlap", "London-NY Overlap", "London-NY Overlap", "London-NY Overlap", "NewYork", "NewYork", "NewYork", "London-NY Overlap", "London-NY Overlap", "London-NY Overlap", "London-NY Overlap", "NewYork", "NewYork", "NewYork"]}}