{"_ts": 1778833899.1247659, "payload": {"open": [1.176747441291809, 1.177163004875183, 1.1773016452789307, 1.176747441291809, 1.1761938333511353, 1.1760554313659668, 1.1755025386810303, 1.1755025386810303, 1.177163004875183, 1.1774401664733887, 1.1774401664733887, 1.177024483680725, 1.1773016452789307, 1.177163004875183, 1.1777175664901733, 1.1789672374725342, 1.1782727241516113, 1.1784114837646484, 1.1777175664901733, 1.1782727241516113, 1.1778563261032104, 1.1781338453292847, 1.1778563261032104, 1.1789672374725342, 1.178828239440918, 1.177994966506958, 1.177024483680725, 1.1764705181121826, 1.1766090393066406, 1.1760554313659668, 1.1759172677993774, 1.176747441291809, 1.175364375114441, 1.1750881671905518, 1.1749500036239624, 1.1750881671905518, 1.1743981838226318, 1.1746740341186523, 1.1752262115478516, 1.173433542251587, 1.1739845275878906, 1.1735711097717285, 1.1731581687927246, 1.1737089157104492, 1.1745359897613525, 1.1742602586746216, 1.17384672164917, 1.1742602586746216, 1.1742602586746216, 1.17384672164917, 1.1741223335266113, 1.1742602586746216, 1.1741223335266113, 1.17384672164917, 1.17384672164917, 1.1737089157104492, 1.172333002090454, 1.1710972785949707, 1.1706860065460205, 1.1709601879119873, 1.1716461181640625, 1.1716461181640625, 1.170548915863037, 1.1713716983795166, 1.1712344884872437, 1.1713716983795166, 1.1712344884872437, 1.170823097229004, 1.1712344884872437, 1.1713716983795166, 1.1716461181640625, 1.171783447265625, 1.172195553779602, 1.1719207763671875, 1.1719207763671875, 1.171783447265625, 1.1716461181640625, 1.1715089082717896, 1.171783447265625, 1.1715089082717896, 1.172195553779602, 1.1710972785949707, 1.1713716983795166, 1.1709601879119873, 1.1710972785949707, 1.170548915863037, 1.1701380014419556, 1.1690436601638794, 1.1680878400802612, 1.1680878400802612, 1.1680878400802612, 1.1680878400802612, 1.1680878400802612, 1.1675423383712769, 1.1669973134994507, 1.1674060821533203, 1.1672697067260742, 1.1664528846740723, 1.1659088134765625, 1.164958119392395, 1.1656370162963867, 1.1655012369155884, 1.1650937795639038, 1.1637378931045532, 1.163602590560913, 1.1640088558197021], "high": [1.1773016452789307, 1.1775789260864258, 1.1773016452789307, 1.176885962486267, 1.1761938333511353, 1.1760554313659668, 1.1757789850234985, 1.177163004875183, 1.1777175664901733, 1.178550362586975, 1.1777175664901733, 1.1777175664901733, 1.1778563261032104, 1.1778563261032104, 1.1791062355041504, 1.1791062355041504, 1.178828239440918, 1.1784114837646484, 1.1782727241516113, 1.1784114837646484, 1.1781338453292847, 1.1786893606185913, 1.1791062355041504, 1.1791062355041504, 1.178828239440918, 1.177994966506958, 1.1773016452789307, 1.176747441291809, 1.1766090393066406, 1.1763322353363037, 1.1766090393066406, 1.176747441291809, 1.1756407022476196, 1.175364375114441, 1.175364375114441, 1.1752262115478516, 1.1750881671905518, 1.175364375114441, 1.1752262115478516, 1.17384672164917, 1.1739845275878906, 1.1741223335266113, 1.1737089157104492, 1.1743981838226318, 1.1749500036239624, 1.1743981838226318, 1.1745359897613525, 1.1743981838226318, 1.1745359897613525, 1.1741223335266113, 1.1745359897613525, 1.1745359897613525, 1.1741223335266113, 1.17384672164917, 1.1739845275878906, 1.1737089157104492, 1.1726078987121582, 1.1715089082717896, 1.1709601879119873, 1.171783447265625, 1.17205810546875, 1.1719207763671875, 1.1715089082717896, 1.1715089082717896, 1.1719207763671875, 1.17205810546875, 1.1713716983795166, 1.1713716983795166, 1.1716461181640625, 1.171783447265625, 1.17205810546875, 1.172195553779602, 1.172195553779602, 1.172195553779602, 1.17205810546875, 1.1719207763671875, 1.171783447265625, 1.17205810546875, 1.1719207763671875, 1.1724703311920166, 1.172195553779602, 1.1716461181640625, 1.1716461181640625, 1.1713716983795166, 1.1710972785949707, 1.170823097229004, 1.1701380014419556, 1.1702749729156494, 1.1684973239898682, 1.1683608293533325, 1.1683608293533325, 1.1682243347167969, 1.1682243347167969, 1.1675423383712769, 1.1676785945892334, 1.1675423383712769, 1.1672697067260742, 1.1665889024734497, 1.1659088134765625, 1.16604483127594, 1.1657729148864746, 1.1656370162963867, 1.1650937795639038, 1.164686679840088, 1.1650937795639038, 1.1641442775726318], "low": [1.176747441291809, 1.177024483680725, 1.1766090393066406, 1.1763322353363037, 1.1760554313659668, 1.175364375114441, 1.1752262115478516, 1.1755025386810303, 1.176885962486267, 1.1774401664733887, 1.177163004875183, 1.176885962486267, 1.176885962486267, 1.176885962486267, 1.1777175664901733, 1.1782727241516113, 1.177994966506958, 1.1775789260864258, 1.1775789260864258, 1.1778563261032104, 1.1778563261032104, 1.177994966506958, 1.1778563261032104, 1.178828239440918, 1.1781338453292847, 1.177024483680725, 1.1761938333511353, 1.1763322353363037, 1.1759172677993774, 1.1759172677993774, 1.1756407022476196, 1.1755025386810303, 1.1746740341186523, 1.1743981838226318, 1.1748120784759521, 1.1745359897613525, 1.17384672164917, 1.1739845275878906, 1.1731581687927246, 1.1731581687927246, 1.1727453470230103, 1.1731581687927246, 1.1731581687927246, 1.1732958555221558, 1.1743981838226318, 1.1741223335266113, 1.17384672164917, 1.1741223335266113, 1.17384672164917, 1.1735711097717285, 1.1735711097717285, 1.1739845275878906, 1.1737089157104492, 1.1735711097717285, 1.1735711097717285, 1.172195553779602, 1.1710972785949707, 1.1704120635986328, 1.1700011491775513, 1.1706860065460205, 1.1715089082717896, 1.1701380014419556, 1.170548915863037, 1.1706860065460205, 1.1710972785949707, 1.1712344884872437, 1.170823097229004, 1.170823097229004, 1.1712344884872437, 1.1712344884872437, 1.1715089082717896, 1.171783447265625, 1.1719207763671875, 1.171783447265625, 1.1716461181640625, 1.1715089082717896, 1.1713716983795166, 1.1715089082717896, 1.1713716983795166, 1.1710972785949707, 1.1710972785949707, 1.170823097229004, 1.1709601879119873, 1.1709601879119873, 1.1702749729156494, 1.1700011491775513, 1.1689070463180542, 1.1683608293533325, 1.1675423383712769, 1.1675423383712769, 1.1680878400802612, 1.1678149700164795, 1.1672697067260742, 1.1669973134994507, 1.1669973134994507, 1.1672697067260742, 1.1664528846740723, 1.1656370162963867, 1.164958119392395, 1.164958119392395, 1.1653653383255005, 1.164958119392395, 1.1637378931045532, 1.1637378931045532, 1.163602590560913, 1.1634671688079834],