{"_ts": 1778833899.113251, "payload": {"open": [1.3590279817581177, 1.3595268726348877, 1.3600445985794067, 1.3595823049545288, 1.3590649366378784, 1.3590279817581177, 1.3583080768585205, 1.3585665225982666, 1.3602296113967896, 1.3599522113800049, 1.3608219623565674, 1.359785795211792, 1.3589541912078857, 1.360710859298706, 1.3611923456192017, 1.3626205921173096, 1.363958716392517, 1.3649827241897583, 1.364126205444336, 1.364386796951294, 1.3629549741744995, 1.3618782758712769, 1.3618041276931763, 1.3606739044189453, 1.3607664108276367, 1.3601001501083374, 1.3593790531158447, 1.3587695360183716, 1.3591388463974, 1.3584187030792236, 1.3584187030792236, 1.3577731847763062, 1.354609727859497, 1.351807951927185, 1.353143334388733, 1.3538944721221924, 1.353363037109375, 1.3531982898712158, 1.3538578748703003, 1.3512418270111084, 1.352539300918579, 1.3525211811065674, 1.351862907409668, 1.3523746728897095, 1.3533813953399658, 1.353931188583374, 1.3540228605270386, 1.3538944721221924, 1.3540594577789307, 1.3535646200180054, 1.3537112474441528, 1.354169487953186, 1.3538762331008911, 1.3538395166397095, 1.3534730672836304, 1.3548483848571777, 1.352960228919983, 1.3520822525024414, 1.3523565530776978, 1.3518993854522705, 1.3507307767868042, 1.3505666255950928, 1.3492544889450073, 1.3514792919158936, 1.3515887260437012, 1.3519724607467651, 1.351607084274292, 1.3513513803482056, 1.3520090579986572, 1.3523198366165161, 1.3518811464309692, 1.3523930311203003, 1.3527040481567383, 1.3525760173797607, 1.352960228919983, 1.3522651195526123, 1.3524296283721924, 1.352685809135437, 1.3529053926467896, 1.3519359827041626, 1.3526674509048462, 1.3506395816802979, 1.3520456552505493, 1.3509680032730103, 1.3512235879898071, 1.350548267364502, 1.3510043621063232, 1.349892020225525, 1.3482903242111206, 1.3477997779846191, 1.3445016145706177, 1.3410218954086304, 1.3406802415847778, 1.3401951789855957, 1.3410578966140747, 1.3403747081756592, 1.3399077653884888, 1.3391003608703613, 1.3380789756774902, 1.336594581604004, 1.3375779390335083, 1.3376137018203735, 1.336290955543518, 1.3342584371566772, 1.3347749710083008, 1.336594581604004], "high": [1.3597302436828613, 1.3601555824279785, 1.3600445985794067, 1.3598597049713135, 1.3593790531158447, 1.3590649366378784, 1.3588987588882446, 1.3598597049713135, 1.3603036403656006, 1.3614704608917236, 1.3612664937973022, 1.3604146242141724, 1.3615074157714844, 1.3616372346878052, 1.3629177808761597, 1.3638285398483276, 1.3652622699737549, 1.3649827241897583, 1.364517092704773, 1.364386796951294, 1.36304771900177, 1.3619710206985474, 1.3618041276931763, 1.3610072135925293, 1.3610997200012207, 1.3604886531829834, 1.3595823049545288, 1.3593051433563232, 1.3592311143875122, 1.3586771488189697, 1.3585848808288574, 1.3578654527664185, 1.354958415031433, 1.353179931640625, 1.354628086090088, 1.3551788330078125, 1.3544628620147705, 1.3543895483016968, 1.3539495468139648, 1.3536195755004883, 1.3528321981430054, 1.3530701398849487, 1.3527954816818237, 1.3533082008361816, 1.3544262647628784, 1.3540961742401123, 1.3540778160095215, 1.3542428016662598, 1.3542795181274414, 1.353931188583374, 1.3545913696289062, 1.3545913696289062, 1.3540412187576294, 1.3538762331008911, 1.3550136089324951, 1.3550502061843872, 1.353747844696045, 1.3533447980880737, 1.3524113893508911, 1.3521919250488281, 1.3509862422943115, 1.3510775566101074, 1.3517532348632812, 1.3520456552505493, 1.3529053926467896, 1.3526674509048462, 1.351990818977356, 1.3520456552505493, 1.3523930311203003, 1.352685809135437, 1.352630853652954, 1.3532531261444092, 1.3529785871505737, 1.3532531261444092, 1.3531067371368408, 1.3526674509048462, 1.3529969453811646, 1.3533265590667725, 1.3529053926467896, 1.3531616926193237, 1.352685809135437, 1.3520456552505493, 1.3520822525024414, 1.3519359827041626, 1.3517714738845825, 1.3517532348632812, 1.3510775566101074, 1.3512052297592163, 1.348726749420166, 1.3478723764419556, 1.3445920944213867, 1.3410218954086304, 1.3408061265945435, 1.3402849435806274, 1.3410578966140747, 1.3403747081756592, 1.3399077653884888, 1.3391900062561035, 1.338186502456665, 1.3380612134933472, 1.337846279144287, 1.3376137018203735, 1.336290955543518, 1.335862636566162, 1.3375420570373535, 1.336594581604004], "low": [1.3590279817581177, 1.359342098236084, 1.3591388463974, 1.3592681884765625, 1.3590095043182373, 1.3580129146575928, 1.3581604957580566, 1.358105182647705, 1.3597487211227417, 1.3599522113800049, 1.3600815534591675, 1.3588064908981323, 1.3589541912078857, 1.3601001501083374, 1.3611923456192017, 1.3617855310440063, 1.3639029264450073, 1.3638843297958374, 1.3638285398483276, 1.3627877235412598, 1.3617855310440063, 1.3609329462051392, 1.3605626821517944, 1.3606739044189453, 1.360377550125122, 1.359397530555725, 1.3581420183181763, 1.3586218357086182, 1.3582711219787598, 1.358105182647705, 1.35694420337677, 1.3546464443206787, 1.3514974117279053, 1.3503477573394775, 1.352539300918579, 1.3533813953399658, 1.3523565530776978, 1.3515887260437012, 1.3508766889572144, 1.3512418270111084, 1.3503658771514893, 1.3516801595687866, 1.3518263101577759, 1.3518811464309692, 1.3533813953399658, 1.3536745309829712, 1.3534730672836304, 1.3538395166397095, 1.3535646200180054, 1.3531250953674316, 1.3529237508773804, 1.3537845611572266, 1.3532531261444092, 1.353271484375, 1.3534730672836304, 1.352594256401062, 1.3520822525024414, 1.3520822525024414, 1.350785493850708, 1.3501836061477661, 1.3500559329986572, 1.348690390586853, 1.3492544889450073, 1.350548267364502, 1.3513696193695068, 1.3513330221176147, 1.3511687517166138, 1.3512600660324097, 1.3518445491790771, 1.3521004915237427, 1.3518811464309692, 1.3523930311203003, 1.3526124954223633, 1.352539300918579, 1.3522467613220215, 1.3522467613220215, 1.352338194847107, 1.35255765914917, 1.3515522480010986, 1.3517348766326904, 1.3506395816802979, 1.3504936695098877, 1.3511322736740112, 1.3509680032730103, 1.3507671356201172, 1.350511908531189, 1.349199891090393, 1.3485630750656128, 1.347490906715393, 1.3434540033340454, 1.3410398960113525, 1.339674472808838, 1.3397642374038696, 1.3395847082138062, 1.3398540019989014, 1.3397642374038696, 1.3385447263717651, 1.337595820426941, 1.3365768194198608, 1.3362730741500854, 1.3373990058898926, 1.3363267183303833, 1.3341338634490967, 1.3335822820663452, 1.3347749710083008, 1.3347570896148682],